country,city,temp_m01,temp_m02,temp_m03,temp_m04,temp_m05,temp_m06,temp_m07,temp_m08,temp_m09,temp_m10,temp_m11,temp_m12,temp_y,continent,longitude,latitude
Algeria,Algiers,11.2,11.9,12.8,14.7,17.7,21.3,24.6,25.2,23.2,19.4,15.2,12.1,17.4,Africa,3.0601882,36.7753606
Algeria,Tamanrasset,12.8,15.0,18.1,22.2,26.1,28.9,28.7,28.2,26.5,22.4,17.3,13.9,21.7,Africa,4.3208436,24.3753438
Algeria,Reggane,16.0,18.2,23.1,27.9,32.2,36.4,39.8,38.4,35.5,29.2,22.0,17.8,28.3,Africa,0.1751507,26.7207267
Angola,Luanda,26.7,28.5,28.6,28.2,27.0,23.9,22.1,22.1,23.5,25.2,26.7,26.9,25.8,Africa,13.2439512,-8.8272699
Benin,Cotonou,27.3,28.5,28.9,28.6,27.8,26.5,25.8,25.6,26.0,26.7,27.6,27.3,27.2,Africa,2.4252507,6.3676953
Benin,Parakou,26.5,28.7,29.6,29.0,27.5,26.1,25.1,24.7,25.0,26.1,26.6,26.1,26.8,Africa,2.6278258,9.3400159
Benin,Kandi,24.9,27.8,30.9,32.1,30.4,28.1,26.4,26.0,26.2,27.8,26.5,24.8,27.7,Africa,3.046420881638551,11.2849785
Botswana,Maun,25.4,25.1,24.2,22.6,18.7,15.7,15.8,18.8,23.1,26.6,26.4,25.8,22.4,Africa,23.4224352,-19.9860951
Botswana,Gaborone,26.0,25.0,24.0,21.0,17.0,13.0,13.0,17.0,21.0,23.0,25.0,25.0,21.0,Africa,25.9088474,-24.6581357
Botswana,Ghanzi,25.9,25.3,24.1,21.2,17.6,14.3,14.1,17.1,21.5,24.6,25.7,26.1,21.4,Africa,22.7610828,-22.145794
Burkina Faso,Ouagadougou,24.8,27.7,30.9,32.6,31.6,29.2,27.3,26.4,27.0,28.9,27.7,25.1,28.3,Africa,-1.5270944,12.3681873
Burkina Faso,Ouahigouya,24.2,27.1,30.4,33.0,33.2,30.8,27.9,27.2,27.8,29.6,27.4,24.6,28.6,Africa,-2.417699,13.580982
Burundi,Bujumbura,23.8,23.8,23.7,23.9,23.9,23.3,22.9,24.0,24.7,24.6,23.4,23.6,23.8,Africa,29.3675028,-3.3638125
Cameroon,Garoua,26.0,28.9,32.2,33.0,30.7,28.2,26.6,26.4,26.7,28.1,27.3,26.0,28.3,Africa,13.3934527,9.3070698
Cameroon,Ngaoundéré,20.5,22.2,24.1,24.1,23.1,22.1,21.5,22.5,21.7,22.1,20.9,20.4,22.0,Africa,13.5877302,7.3211962
Cameroon,Douala,27.5,28.1,27.8,27.6,27.2,26.2,25.1,24.9,25.6,26.1,26.9,27.2,26.7,Africa,9.706203,4.0429408
Cameroon,Yaoundé,23.7,25.3,25.0,24.6,24.1,23.4,22.6,23.0,23.1,23.3,23.7,23.7,23.8,Africa,11.5213344,3.8689867
Cape Verde,Praia,22.4,22.2,22.9,23.4,24.0,24.9,25.4,26.2,26.8,26.4,25.4,23.4,24.4,Africa,-23.5095095,14.9162811
Central African Republic,Bangui,26.0,27.1,27.4,27.1,26.5,25.3,25.1,25.1,25.4,25.5,25.7,25.7,26.0,Africa,18.5509126,4.3907153
Central African Republic,Birao,23.6,26.7,29.0,29.6,30.0,28.0,25.9,25.4,26.2,26.6,24.5,22.2,26.5,Africa,22.7809907,10.2961965
Chad,N'Djamena,23.3,26.9,30.4,33.8,33.5,31.0,28.2,26.5,27.8,29.2,27.3,24.0,28.3,Africa,15.0502758,12.1191543
Chad,Abéché,26.8,28.1,31.2,33.3,33.2,32.2,28.7,27.0,28.4,30.0,28.5,25.9,29.4,Africa,20.8283652,13.8280295
Democratic Republic of the Congo,Kinshasa,26.0,26.2,26.7,26.8,26.0,23.7,22.2,23.5,25.3,26.0,25.9,25.6,25.3,Africa,15.3125974,-4.3217055
Democratic Republic of the Congo,Lubumbashi,21.8,21.6,21.8,21.4,19.2,17.0,16.8,19.1,22.2,23.8,22.8,21.8,20.8,Africa,27.4826264,-11.6642316
Djibouti,Djibouti,25.1,25.7,27.0,28.7,31.0,34.2,36.4,36.0,33.1,29.3,26.9,25.4,29.9,Africa,42.8453061,11.8145966
Egypt,Cairo,13.6,14.9,16.9,21.2,24.5,27.3,27.6,27.4,26.0,23.3,18.9,15.0,21.4,Africa,31.2357257,30.0443879
Egypt,Alexandria,13.4,13.9,15.7,18.5,21.2,24.3,25.9,26.3,25.1,22.0,18.7,14.9,20.0,Africa,29.8951716,31.1991806
Equatorial Guinea,Bata,25.6,25.8,25.7,25.6,25.6,25.0,24.1,24.2,24.6,24.8,25.2,25.0,25.1,Africa,9.856166243652915,1.82385155
Equatorial Guinea,Malabo,26.9,27.7,27.6,27.2,26.7,25.9,25.3,25.0,25.1,25.5,26.1,26.6,26.3,Africa,8.7800693,3.752831
Eritrea,Asmara,13.8,14.9,16.3,17.0,17.6,17.6,16.3,16.1,15.7,14.9,14.0,13.2,15.6,Africa,38.9326763,15.3389667
Eritrea,Assab,26.3,26.7,28.5,30.5,32.0,33.1,35.0,34.6,32.9,31.2,28.8,26.9,30.5,Africa,42.7444596,13.0091289
Ethiopia,Mek'ele,19.5,20.5,21.5,22.5,23.5,23.5,20.5,20.0,21.5,20.5,19.5,18.5,22.7,Africa,39.4768259,13.4966644
Ethiopia,Addis Ababa,16.0,17.0,17.0,17.0,18.0,17.0,15.0,16.0,16.0,16.0,15.0,15.0,16.0,Africa,38.7612525,9.0107934
Gabon,Libreville,26.8,27.0,27.1,26.6,26.7,25.4,24.3,24.3,25.4,25.7,25.9,26.2,25.9,Africa,9.438551,0.4052012
Gabon,Port-Gentil,26.9,27.3,27.3,27.1,26.6,24.4,23.5,24.7,25.4,25.9,26.1,26.5,26.0,Africa,8.7787919,-0.7151966
The Gambia,Banjul,23.0,25.0,25.0,25.0,26.0,27.0,27.0,27.0,27.0,27.0,26.0,24.0,26.0,Africa,-16.56275092072591,13.4410165
Ghana,Accra,27.3,27.7,27.7,27.7,27.2,25.6,24.4,24.3,25.2,26.0,27.0,27.2,26.4,Africa,-0.2012376,5.5571096
Ghana,Tamale,27.9,30.1,30.9,29.8,28.6,26.8,26.0,25.8,25.9,27.3,28.2,27.5,27.9,Africa,-0.8423986,9.4051992
Ghana,Kumasi,26.0,27.0,27.0,27.0,26.0,26.0,24.0,24.0,24.0,25.0,26.0,25.0,26.0,Africa,-1.6233086,6.6985605
Guinea,Conakry,26.1,26.5,27.0,27.4,27.5,26.5,25.5,25.2,25.6,26.3,27.0,26.6,26.4,Africa,-13.6998434,9.5170602
Guinea,Kankan,24.3,26.3,29.6,30.1,28.3,26.4,25.3,25.1,25.5,26.4,27.0,23.8,26.5,Africa,-9.3175166,10.6248355
Guinea-Bissau,Bissau,26.0,27.0,28.0,28.0,28.0,28.0,27.0,26.0,27.0,28.0,27.0,26.0,27.0,Africa,-15.583055,11.861324
Ivory Coast,Gagnoa,26.0,27.0,27.0,27.0,27.0,26.0,25.0,25.0,25.0,26.0,26.0,26.0,26.0,Africa,-5.9517697,6.1329749
Ivory Coast,Bouaké,27.0,28.0,28.0,27.0,26.0,25.0,24.0,24.0,24.0,25.0,26.0,26.0,26.0,Africa,-5.0298408,7.6906058
Ivory Coast,Abidjan,27.0,28.0,28.0,28.0,27.0,26.0,25.0,24.0,25.0,26.0,27.0,27.0,26.0,Africa,-4.016107,5.320357
Ivory Coast,Odienné,25.0,27.0,28.0,28.0,27.0,26.0,25.0,25.0,25.0,25.0,25.0,23.0,26.0,Africa,-7.561942,9.504431
Kenya,Mombasa,27.6,28.1,28.3,27.6,26.2,24.8,24.0,24.0,24.7,25.7,26.9,27.4,26.3,Africa,39.667169,-4.05052
Kenya,Nairobi,18.0,18.8,19.4,19.2,17.8,16.3,15.6,15.9,17.3,18.5,18.4,18.1,17.8,Africa,36.8172449,-1.2832533
Kenya,Garissa,29.7,30.6,31.4,30.7,29.6,27.9,27.4,27.6,28.4,29.7,29.9,29.2,29.3,Africa,40.356386905787105,-0.52360305
Kenya,Lodwar,28.7,29.6,30.1,29.6,29.7,29.1,28.4,28.7,29.6,30.1,29.1,28.5,29.3,Africa,35.6000028,3.1166086
Libya,Tripoli,12.0,13.0,15.0,18.0,22.0,26.0,27.0,28.0,27.0,23.0,17.0,13.0,20.0,Africa,13.1777923,32.896672
Libya,Benghazi,12.5,13.2,14.9,18.7,22.5,25.5,25.9,26.5,25.1,22.1,18.2,14.1,19.9,Africa,20.0817204,32.1288331
Madagascar,Fianarantsoa,20.8,20.8,20.0,18.9,16.7,14.5,14.0,14.4,16.2,18.3,19.7,20.4,17.9,Africa,47.085149,-21.456444
Madagascar,Toamasina,26.0,26.1,25.5,24.6,22.9,21.1,20.4,20.5,21.3,22.7,24.3,25.5,23.4,Africa,49.4098352,-18.1553985
Madagascar,Antananarivo,20.5,20.7,20.1,19.2,16.8,14.6,14.1,14.5,16.3,18.5,19.7,20.2,17.9,Africa,46.71217161656727,-18.779148749999997
Madagascar,Antsiranana,26.0,26.0,26.2,26.3,25.4,24.1,23.5,23.4,24.1,25.2,26.3,26.5,25.2,Africa,49.2913394,-12.2779134
Madagascar,Mahajanga,27.1,27.2,27.5,27.4,26.1,24.6,24.2,24.6,25.4,26.8,27.7,27.4,26.3,Africa,46.3172577,-15.7181492
Madagascar,Toliara,27.5,27.5,26.8,25.0,22.7,20.7,20.3,21.0,22.3,23.9,25.3,26.6,24.1,Africa,43.66966,-23.354173
Malawi,Karonga,24.9,25.0,24.7,24.6,23.6,22.2,21.7,22.4,24.3,26.4,27.0,25.7,24.4,Africa,33.86619181196623,-10.08474695
Malawi,Blantyre,23.5,23.4,23.2,22.2,20.3,18.5,18.4,20.0,23.1,25.0,25.0,24.0,22.2,Africa,35.0035694,-15.7862543
Malawi,Mzuzu,19.9,20.0,19.5,18.7,16.4,13.9,13.1,14.0,16.7,19.4,20.5,20.1,17.7,Africa,34.0226422,-11.4607518
Mali,Ségou,24.0,27.0,30.0,33.0,33.0,30.0,28.0,27.0,27.0,29.0,27.0,25.0,28.0,Africa,-5.991121102851542,14.0492494
Mali,Timbuktu,21.0,23.0,27.0,31.0,33.0,34.0,32.0,31.0,31.0,30.0,26.0,21.0,28.0,Africa,-3.0087272,16.7719091
Mali,Bamako,25.1,27.8,30.2,31.6,31.4,29.1,26.8,26.1,26.6,27.7,26.5,24.8,27.8,Africa,-7.984739136241295,12.61326555
Mauritania,Nouadhibou,18.3,19.2,20.1,19.9,20.4,22.8,22.4,23.5,24.6,23.3,21.2,19.2,21.3,Africa,-17.0503094,20.9127045
Mauritania,Nouakchott,21.5,23.0,24.2,24.3,25.8,26.7,27.3,28.4,29.6,28.8,25.8,22.8,25.7,Africa,-15.931148157832908,18.061891799999998
Morocco,Rabat,12.6,13.1,14.2,15.2,17.4,19.8,22.2,22.4,21.5,19.0,15.9,13.2,17.2,Africa,-6.8340222,34.02236
Morocco,Marrakesh,12.2,13.8,15.8,17.3,20.6,23.8,28.3,28.3,25.3,21.1,16.3,12.6,19.6,Africa,-7.9891608,31.6258257
Morocco,Ouarzazate,9.3,11.9,14.8,17.6,21.7,25.9,29.5,28.8,24.6,19.4,13.7,9.5,18.9,Africa,-6.910923,30.920193
Mozambique,Maputo,26.3,26.2,25.6,23.5,21.4,18.9,18.8,20.0,21.5,22.4,23.8,25.5,22.8,Africa,32.56745,-25.966213
Niger,Niamey,24.3,27.3,30.9,33.8,34.0,31.5,29.0,27.9,29.0,30.8,27.9,25.0,29.3,Africa,2.109823,13.524834
Nigeria,Lagos,27.3,28.5,28.5,28.0,27.1,25.6,25.3,25.1,25.5,26.4,27.2,27.2,26.8,Africa,3.3941795,6.4550575
Nigeria,Makurdi,26.9,27.3,27.3,27.1,26.6,24.4,23.5,24.7,25.4,25.9,26.1,26.5,26.0,Africa,8.49938,12.1917
Nigeria,Jos,27.3,28.7,30.4,30.2,28.2,26.6,24.4,24.3,26.1,27.8,28.0,27.2,27.4,Africa,8.8979401,9.9175125
Nigeria,Kano,21.2,24.4,28.7,31.3,30.9,28.2,26.2,25.5,26.6,27.3,24.6,21.6,26.4,Africa,8.5364136,11.8948389
Nigeria,Sokoto,25.0,26.0,30.0,32.0,32.0,31.0,28.0,27.0,28.0,28.0,27.0,25.0,28.0,Africa,5.3152203,13.0611195
Republic of the Congo,Brazzaville,26.0,26.0,27.0,26.0,26.0,23.0,22.0,23.0,25.0,26.0,26.0,26.0,25.0,Africa,15.2712256,-4.2694407
Republic of the Congo,Pointe-Noire,27.5,27.6,27.9,27.8,26.8,24.5,23.1,23.3,24.5,26.3,26.7,26.9,26.1,Africa,11.8503297,-4.7975373
Republic of the Congo,Dolisie,25.0,26.0,26.0,26.0,25.0,23.0,21.0,22.0,23.0,25.0,25.0,25.0,24.0,Africa,12.6791573,-4.2005398
Senegal,Dakar,21.0,21.0,21.0,21.0,22.0,25.0,27.0,27.0,27.0,27.0,26.0,23.0,24.0,Africa,-17.447938,14.693425
Senegal,Thiès,21.0,21.0,21.0,22.0,24.0,26.0,27.0,27.0,27.0,27.0,26.0,23.0,24.0,Africa,-16.9529272,14.7948093
Somalia,Bosaso,25.0,25.0,26.7,28.8,31.1,35.6,35.6,36.1,33.3,27.8,25.6,25.6,30.0,Africa,49.179952,11.27848
Somalia,Hargeisa,17.7,18.7,21.6,23.0,24.1,24.3,23.6,23.6,23.6,24.1,18.7,18.0,21.7,Africa,44.061803,9.561733
Somalia,Mogadishu,26.6,26.9,28.0,28.9,28.2,26.7,25.4,25.9,26.5,27.3,27.5,26.9,27.1,Africa,45.3419183,2.0349312
South Africa,Pretoria,22.6,22.1,21.0,17.9,14.7,11.5,11.9,14.7,18.6,20.1,21.0,21.9,18.2,Africa,28.1879101,-25.7459277
South Africa,Cape Town,20.4,20.4,19.2,16.9,14.4,12.5,11.9,12.4,13.7,15.6,17.9,19.5,16.2,Africa,18.417396,-33.928992
South Africa,Johannesburg,19.5,19.0,18.0,15.3,12.6,9.6,10.0,12.5,15.9,17.1,17.9,19.0,15.5,Africa,28.049722,-26.205
South Africa,Bloemfontein,22.8,21.4,19.2,14.9,10.7,6.9,7.2,10.1,14.6,17.5,19.9,21.9,15.6,Africa,26.215496,-29.116395
South Africa,Upington,27.8,26.9,24.7,20.2,15.7,12.1,11.9,14.0,18.1,21.4,24.7,26.9,20.4,Africa,21.241867,-28.456325
South Africa,Durban,24.1,24.3,23.7,21.6,19.1,16.6,16.5,17.7,19.2,20.1,21.4,23.1,20.6,Africa,31.009909,-29.861825
South Sudan,Juba,28.3,29.5,29.9,29.2,27.9,26.9,25.9,26.1,26.8,27.5,27.6,27.7,27.8,Africa,31.5959173,4.8459246
South Sudan,Wau,26.8,28.5,30.4,30.6,29.3,27.5,26.3,26.2,26.8,27.4,27.4,26.5,27.8,Africa,27.9909335,7.7001398
Sudan,Port Sudan,23.3,23.0,24.3,26.5,29.3,32.2,34.1,34.5,32.1,29.3,27.3,24.7,28.4,Africa,37.211709,19.619217
Sudan,Khartoum,23.2,25.0,28.7,31.9,34.5,34.3,32.1,31.5,32.5,32.4,28.1,24.5,29.9,Africa,32.5349123,15.5635972
Tanzania,Dar es Salaam,27.4,27.7,27.4,26.5,25.5,24.2,23.5,23.7,24.3,25.3,26.3,27.3,25.8,Africa,39.2803583,-6.8160837
Tanzania,Zanzibar City,28.0,28.0,28.0,27.0,25.0,25.0,24.0,25.0,25.0,26.0,27.0,27.0,26.0,Africa,39.2074312,-6.1664908
Tanzania,Tabora,22.0,22.0,22.0,22.0,22.0,21.0,21.0,22.0,24.0,25.0,24.0,22.0,23.0,Africa,32.5080629,-5.1913822
Tanzania,Dodoma,23.8,23.0,23.5,22.8,22.1,21.4,19.8,20.5,22.3,23.8,25.1,24.6,22.7,Africa,35.7468174,-6.1791181
Togo,Lomé,27.1,28.2,28.5,28.2,27.4,26.2,25.3,25.2,25.8,26.6,27.3,27.1,26.9,Africa,1.215829,6.130419
Togo,Mango,26.8,29.4,31.5,31.4,29.6,27.5,26.4,26.0,26.4,27.9,27.9,26.7,28.1,Africa,0.4770206,10.3569681
Tunisia,Tunis,11.5,12.0,13.2,15.6,19.3,23.2,26.3,26.8,24.4,20.4,15.9,12.5,18.4,Africa,9.400138,33.8439408
Tunisia,Gabès,12.0,13.3,15.1,17.7,20.8,24.0,26.6,27.4,25.6,21.7,16.8,13.0,19.5,Africa,9.793062965576159,33.7765032
Uganda,Kampala,22.0,22.0,22.0,21.0,20.0,20.0,20.0,20.0,20.0,21.0,21.0,21.0,20.0,Africa,32.5813539,0.3177137
Uganda,Entebbe,21.0,22.0,22.0,21.0,21.0,21.0,20.0,20.0,21.0,21.0,21.0,21.0,21.0,Africa,32.4698564,0.0611715
Zambia,Ndola,20.8,20.8,21.0,20.5,18.6,16.5,16.7,19.2,22.5,23.7,22.5,21.0,20.3,Africa,28.6365894,-12.9693056
Zambia,Lusaka,21.5,21.5,21.1,19.9,17.4,15.2,14.9,17.3,21.3,23.5,23.4,21.7,19.9,Africa,28.2818414,-15.4163395
Zambia,Livingstone,23.6,23.2,23.1,21.9,18.9,16.0,16.1,19.3,23.9,26.2,25.1,23.6,21.8,Africa,25.861429,-17.853135
Zimbabwe,Harare,21.0,20.7,20.3,18.8,16.1,13.7,13.4,15.5,18.6,20.8,21.2,20.9,18.4,Africa,31.045686,-17.831773
Zimbabwe,Bulawayo,21.8,21.2,20.6,18.7,16.0,13.7,13.8,16.4,19.9,21.6,21.7,21.4,18.9,Africa,28.5426856,-20.1053948
Afghanistan,Kabul,-2.3,-0.7,6.3,12.8,17.3,22.8,25.0,24.1,19.7,13.1,5.9,0.6,12.1,Asia,69.1776838,34.5260109
Azerbaijan,Baku,4.4,4.2,7.0,12.9,18.5,23.5,26.4,26.3,22.5,16.6,11.2,7.3,15.1,Asia,49.8328009,40.3755885
Armenia,Yerevan,-3.6,0.1,6.3,12.9,17.4,22.6,26.4,26.1,21.1,13.8,6.2,-0.2,12.4,Asia,44.5126233,40.1777112
Bahrain,Manama,17.2,18.0,21.2,25.3,30.0,32.6,34.1,34.2,32.5,29.3,24.5,19.3,26.5,Asia,50.5822436,26.2235041
Bangladesh,Dhaka,18.6,22.0,26.3,28.4,28.8,29.0,28.7,28.9,28.5,27.4,24.0,20.0,25.9,Asia,90.389015,23.7644025
Cambodia,Phnom Penh,26.6,28.0,29.4,30.2,30.0,29.2,28.7,28.5,28.2,27.2,27.1,26.3,28.3,Asia,104.9224426,11.568271
China,Beijing,-3.1,0.3,6.7,14.8,20.8,24.9,26.7,25.5,20.8,13.7,5.0,-0.9,12.9,Asia,116.3912757,39.906217
China,Changsha,4.9,7.2,11.2,17.4,22.4,25.8,29.2,28.3,23.9,18.4,12.8,7.3,17.4,Asia,113.2384362,28.1450774
China,Chongqing,8.0,10.1,14.0,18.8,22.8,25.3,28.5,28.6,24.3,18.7,14.3,9.3,18.6,Asia,106.5478767,29.5647398
China,Guangzhou,13.9,15.2,18.1,22.4,25.8,27.8,28.9,28.8,27.5,24.7,20.1,15.5,22.4,Asia,113.2592945,23.1301964
China,Harbin,-17.6,-12.1,-2.7,7.7,15.4,21.4,23.3,21.8,15.4,6.8,-4.6,-14.4,5.0,Asia,126.5287796,45.8016143
China,Kunming,9.1,11.4,14.5,17.7,19.4,20.5,20.3,20.0,18.5,16.0,12.3,9.2,15.7,Asia,102.8325695,24.8837627
China,Lhasa,-2.1,1.1,4.6,8.1,11.9,15.5,15.3,14.5,12.8,8.1,2.2,-1.7,7.6,Asia,91.1704736,29.6553895
China,Shanghai,4.6,6.1,9.6,15.1,20.3,24.1,28.4,28.1,24.4,19.3,13.4,7.1,16.7,Asia,121.4692071,31.2322758
China,Ürümqi,-12.1,-9.3,-0.5,10.4,17.0,21.8,23.9,22.7,17.0,8.4,-1.5,-9.4,7.4,Asia,87.319461,43.419754
China,Xi'an,0.3,3.6,8.7,15.4,20.5,25.3,27.0,25.1,20.3,14.1,7.0,1.5,14.1,Asia,108.9423443,34.2607713
China,Yinchuan,-7.9,-3.8,3.2,11.2,17.3,21.5,23.5,21.6,16.3,9.2,1.4,-5.5,9.0,Asia,106.2261926,38.4852037
East Timor,Dili,27.7,27.6,27.4,27.4,27.0,26.8,25.5,25.1,25.4,26.0,27.2,27.4,26.6,Asia,125.5784093,-8.5536809
Georgia,Batumi,6.0,7.0,8.0,12.0,16.0,20.0,22.0,22.0,20.0,16.0,12.0,8.0,14.0,Asia,41.6360085,41.6509502
Georgia,Tbilisi,1.2,2.7,6.6,12.2,17.4,21.3,24.5,24.1,19.6,13.7,7.8,3.2,12.9,Asia,44.8014495,41.6934591
Hong Kong,Hong Kong,16.3,16.8,19.1,22.6,25.9,27.9,28.8,28.6,27.7,25.5,21.8,17.9,23.3,Asia,114.1628131,22.2793278
India,New Delhi,13.8,16.5,22.1,28.7,32.8,34.0,30.9,29.7,29.0,26.1,20.5,15.3,25.0,Asia,77.2090057,28.6138954
India,Kolkata,20.1,22.8,27.6,30.5,31.3,30.4,29.1,28.8,28.8,27.5,23.7,20.3,26.7,Asia,88.3638953,22.5726459
India,Mumbai,23.7,24.5,26.8,28.4,29.9,29.2,27.6,27.2,27.3,28.3,27.2,25.2,27.1,Asia,72.878176,19.0785451
Indonesia,Jakarta,26.1,26.1,26.4,27.0,27.2,26.7,26.4,26.7,27.0,27.2,27.0,26.4,26.7,Asia,106.8270462,-6.1752489
Indonesia,Denpasar,24.1,24.2,24.0,24.8,24.1,23.5,22.5,22.9,23.0,23.7,23.5,23.5,23.7,Asia,115.2191175,-8.6524973
Indonesia,Jayapura,27.1,26.9,27.1,27.3,27.2,26.9,26.4,26.6,26.9,27.2,27.3,27.0,27.0,Asia,140.7037389,-2.5387539
Indonesia,Makassar,26.0,26.3,27.4,27.6,26.9,26.0,25.6,26.0,26.7,27.5,27.7,26.1,26.7,Asia,119.4124282,-5.1342962
Indonesia,Medan,25.6,26.1,26.7,27.2,27.3,27.1,27.0,26.9,26.6,26.1,26.0,25.8,26.5,Asia,98.6738261,3.5896654
Indonesia,Palembang,26.8,27.1,27.2,27.7,28.0,27.4,27.0,27.2,27.5,27.7,27.4,27.0,27.3,Asia,104.756857,-2.9888297
Indonesia,Pontianak,26.9,27.9,28.2,28.1,28.0,27.8,27.5,27.8,28.3,27.7,27.3,27.2,27.7,Asia,109.3447488,-0.0226903
Indonesia,Surabaya,26.8,26.8,27.0,27.3,27.3,26.7,26.2,26.5,27.2,28.2,28.3,27.3,27.1,Asia,112.7378266,-7.2459717
Iraq,Baghdad,9.7,12.0,16.6,22.6,28.3,32.3,34.8,34.0,30.5,24.7,16.5,11.2,22.77,Asia,44.3872213,33.3061701
Iraq,Erbil,6.2,8.1,12.2,17.4,23.6,28.9,32.9,32.1,28.2,21.4,14.1,8.3,19.5,Asia,44.0094294,36.1911653
Iran,Tehran,1.0,5.0,10.0,17.0,21.0,27.0,31.0,29.0,26.0,18.0,11.0,5.0,17.0,Asia,51.3896004,35.6892523
Iran,Ahvaz,12.3,14.7,19.0,24.9,31.1,35.2,37.3,36.7,33.0,27.3,19.8,14.0,25.4,Asia,48.67932,31.3230637
Iran,Tabriz,-1.7,0.5,5.6,11.5,16.7,22.1,26.0,25.9,21.4,14.5,7.1,1.2,12.6,Asia,46.2961952,38.0739964
Israel,Tel Aviv,12.0,13.0,15.0,18.0,21.0,23.0,26.0,26.0,25.0,22.0,18.0,13.0,20.0,Asia,34.7818064,32.0852997
Japan,Sapporo,-3.6,-3.1,0.6,7.1,12.4,16.7,20.5,22.3,18.1,11.8,4.9,-0.9,8.9,Asia,141.3542924,43.061936
Japan,Niigata,2.8,2.9,5.8,11.5,16.5,20.7,24.5,26.6,22.5,16.4,10.5,5.6,13.9,Asia,138.7669125,37.6452283
Japan,Tokyo,5.2,5.7,8.7,13.9,18.2,21.4,25.0,26.4,22.8,17.5,12.1,7.6,15.4,Asia,139.757653,35.6812665
Japan,Kyoto,4.6,5.1,8.4,14.2,19.0,23.0,26.8,28.2,24.1,17.8,12.1,7.0,15.8,Asia,135.7556075,35.021041
Japan,Hiroshima,5.2,6.0,9.1,14.7,19.3,23.0,27.1,28.2,24.4,18.3,12.5,7.5,16.3,Asia,132.4518156,34.3916058
Japan,Fukuoka,6.6,7.4,10.4,15.1,19.4,23.0,27.2,28.1,24.4,19.2,13.8,8.9,17.0,Asia,130.6180016,33.6251241
Japan,Naha,17.0,17.1,18.9,21.4,24.0,26.8,28.9,28.7,27.6,25.2,22.1,18.7,23.1,Asia,127.6791452,26.2122345
Kazakhstan,Almaty,-4.7,-3.0,3.4,11.5,16.6,21.6,23.8,23.0,17.6,9.9,2.7,-2.8,10.0,Asia,76.9457275,43.2363924
Kazakhstan,Nur-Sultan,-14.2,-14.1,-7.1,5.2,13.9,19.5,20.8,18.8,12.3,4.6,-5.4,-12.1,3.5,Asia,71.4306682,51.1282205
North Korea,Pyongyang,-5.8,2.4,4.4,11.2,17.1,21.7,24.3,24.6,19.6,12.5,4.7,-2.9,10.8,Asia,125.7473609,39.0167979
South Korea,Seoul,-2.4,0.4,5.7,12.5,17.8,22.2,24.9,25.7,21.2,14.8,7.2,0.4,12.5,Asia,126.9782914,37.5666791
Kuwait,Kuwait City,12.5,14.8,19.3,24.9,31.5,36.0,37.7,36.8,33.3,27.3,19.9,14.1,25.7,Asia,47.9734174,29.3796532
Kyrgyzstan,Bishkek,-2.6,-0.8,5.3,12.3,17.4,22.4,24.9,23.8,18.5,11.0,4.7,-0.9,11.3,Asia,74.6066926,42.8777895
Laos,Vientiane,21.7,24.0,26.7,28.5,27.7,27.7,27.5,27.2,27.0,26.4,24.3,21.7,25.9,Asia,102.6133707,17.9640988
Lebanon,Beirut,14.0,14.0,16.0,18.7,21.7,24.9,27.1,27.8,26.8,24.1,19.5,15.8,20.9,Asia,35.50255852895232,33.88922645
Malaysia,Kuala Lumpur,26.9,27.3,27.6,27.7,28.0,27.9,27.4,27.5,27.2,27.1,26.8,26.7,27.3,Asia,101.6942371,3.1516964
Maldives,Malé,27.7,28.0,28.5,28.9,28.6,28.2,28.0,27.8,27.6,27.6,27.7,27.5,28.0,Asia,73.5107387,4.1779879
Mongolia,Ulaanbaatar,-21.6,-16.6,-7.4,2.0,10.1,15.7,18.2,16.0,9.6,0.5,-11.9,-19.0,-0.4,Asia,106.9177016,47.9184676
Myanmar,Mandalay,21.9,24.4,28.8,31.9,31.3,30.8,30.8,30.2,29.7,28.8,25.7,22.2,28.0,Asia,96.082375,21.9812746
Myanmar,Yangon,25.0,26.3,28.6,30.6,29.6,27.4,26.9,26.9,27.4,27.9,27.4,25.4,27.5,Asia,96.1609916,16.7967129
Nepal,Kathmandu,10.0,11.9,16.1,19.2,21.8,23.8,24.1,24.1,23.3,19.1,14.8,11.3,18.3,Asia,85.3205817,27.708317
Oman,Muscat,21.0,22.0,25.0,30.0,34.0,35.0,34.0,32.0,31.0,30.0,25.0,22.0,28.0,Asia,58.3829448,23.5882019
Pakistan,Karachi,18.1,20.2,24.5,28.3,30.5,31.4,30.3,28.9,28.9,27.9,23.9,19.5,26.0,Asia,67.0207055,24.8546842
Pakistan,Lahore,12.8,15.4,20.5,26.8,31.2,33.9,31.5,30.7,29.7,25.6,19.5,14.2,24.3,Asia,74.3141829,31.5656822
Philippines,Manila,26.7,27.4,28.7,30.1,30.0,29.3,28.5,28.3,28.4,28.4,28.0,27.0,28.4,Asia,120.9782618,14.5948914
Russia,Dikson,-24.8,-25.4,-22.1,-17.2,-7.8,0.4,4.9,5.5,1.6,-7.5,-17.5,-22.9,-11.1,Asia,80.5227886,73.5084564
Russia,Irkutsk,-17.8,-14.4,-6.4,2.5,10.2,15.4,18.3,15.9,9.2,1.8,-7.6,-15.3,1.0,Asia,104.719221,56.6370122
Russia,Novosibirsk,-16.5,-14.8,-7.6,2.3,11.8,17.1,19.4,16.6,10.2,3.1,-6.9,-14.0,1.7,Asia,82.9226887,55.0288307
Russia,Petropavlovsk- Kamchatsky,-7.6,-7.1,-4.6,-0.6,3.4,8.2,11.5,12.5,9.7,4.9,-1.3,-5.8,1.9,Asia,158.6471356,53.0199838
Russia,Vladivostok,-12.3,-8.4,-1.9,5.1,9.8,13.6,17.6,19.8,16.0,8.9,-0.9,-9.1,4.9,Asia,131.8855768,43.1150678
Russia,Yakutsk,-38.6,-33.8,-20.1,-4.8,7.5,16.4,19.5,15.2,6.1,-7.8,-27.0,-37.6,-8.8,Asia,129.7319787,62.0274078
Saudi Arabia,Abha,13.0,14.0,16.0,18.0,21.0,23.0,23.0,22.0,21.0,18.0,15.0,13.0,18.0,Asia,42.5043596,18.2164282
Saudi Arabia,Riyadh,14.0,16.0,21.0,26.0,32.0,34.0,36.0,35.0,32.0,27.0,21.0,16.0,26.0,Asia,46.7160104,24.638916
Singapore,Singapore,27.0,27.0,28.0,28.0,28.0,28.0,28.0,28.0,27.0,27.0,27.0,26.0,27.0,Asia,103.8194992,1.357107
Sri Lanka,Colombo,26.6,26.9,27.7,28.2,28.3,27.9,27.6,27.6,27.5,27.0,26.7,26.6,27.4,Asia,79.8541134,6.9387469
Syria,Damascus,6.1,7.7,11.4,16.2,20.8,25.0,27.3,27.0,24.0,19.0,12.1,7.5,17.0,Asia,36.3095814,33.5130695
Tajikistan,Dushanbe,2.1,3.8,9.2,15.4,20.0,25.3,27.1,24.9,20.1,14.3,8.9,4.8,14.7,Asia,68.7603746751885,38.585694700000005
Taiwan,Taipei,16.1,16.5,18.5,21.9,25.2,27.7,29.6,29.2,27.4,24.5,21.5,17.9,23.0,Asia,121.5636796,25.0375198
Thailand,Bangkok,27.0,28.3,29.5,30.5,29.9,29.5,29.0,28.8,28.3,28.1,27.8,26.5,28.6,Asia,100.4935089,13.7524938
Thailand,Chiang Mai,21.5,23.9,27.1,29.3,28.2,27.6,27.2,26.8,26.7,26.1,24.0,21.4,25.8,Asia,98.9858802,18.7882778
Thailand,Hat Yai,26.0,26.7,27.6,28.0,27.8,27.7,27.4,27.4,26.9,26.5,26.0,25.6,27.0,Asia,100.4689889,7.0074644
Thailand,Nakhon Ratchasima,24.3,26.9,28.9,30.0,29.1,29.1,28.6,28.1,27.4,26.7,25.4,23.6,27.3,Asia,101.9313754,15.2241917
Turkey,Ankara,0.4,1.9,6.0,11.3,16.1,20.1,23.6,23.4,18.8,13.0,7.0,2.6,12.0,Asia,32.8540482,39.9207886
Turkey,Erzurum,-10.2,-8.7,-2.7,5.1,10.2,14.1,18.4,18.7,13.9,7.5,0.4,-6.7,5.1,Asia,41.2727715,39.90632
Turkey,İzmir,8.9,9.5,11.7,15.9,20.8,25.6,28.0,27.7,23.7,18.8,14.0,10.6,17.9,Asia,27.1310699,38.4224548
Turkmenistan,Ashgabat,3.5,5.5,10.4,17.4,23.3,29.0,31.3,29.6,23.6,16.5,10.2,5.1,17.1,Asia,58.3823487,37.9404648
"United Arab Emirates",Dubai,18.7,19.3,22.3,26.1,29.9,32.2,34.4,34.4,32.1,28.7,24.3,20.6,26.9,Asia,55.18853865430702,25.074282349999997
Uzbekistan,Tashkent,1.9,3.9,9.4,15.5,20.5,25.8,27.8,26.2,20.6,13.9,8.5,3.5,14.8,Asia,69.2787079,41.3123363
Vietnam,Da Lat,15.8,16.7,17.8,18.9,19.3,19.0,18.6,18.5,18.4,18.1,17.3,16.2,17.9,Asia,108.4375758,11.9402416
Vietnam,Da Nang,21.5,22.3,24.2,26.4,28.3,29.2,29.3,29.0,27.5,25.9,24.1,22.1,25.8,Asia,108.212,16.068
Vietnam,Hanoi,16.4,17.2,20.0,23.9,27.4,28.9,29.2,28.6,27.5,24.9,21.5,18.2,23.6,Asia,105.8544441,21.0294498
Vietnam,Ho Chi Minh City,26.0,26.8,28.0,29.2,28.8,27.8,27.5,27.4,27.2,27.0,26.7,26.0,27.4,Asia,106.701938,10.7764772
Yemen,Aden,25.7,26.0,27.2,28.9,31.0,32.7,32.7,31.5,31.6,28.9,27.1,26.0,29.1,Asia,44.916667,12.833333
Yemen,Sana'a,16.0,18.0,20.0,20.0,22.0,23.0,24.0,23.0,22.0,18.0,16.0,15.0,20.0,Asia,44.2058841,15.3538569
Albania,Tirana,6.7,7.8,10.0,13.4,18.0,21.6,24.0,23.8,20.7,16.0,11.7,8.1,15.2,Europe,19.82556898393491,41.330488599999995
Andorra,Andorra la Vella,2.2,3.5,5.8,7.5,11.5,15.4,18.8,18.5,14.9,10.3,5.7,3.0,9.8,Europe,1.5212467,42.5069391
Austria,Vienna,0.3,1.5,5.7,10.7,15.7,18.7,20.8,20.2,15.4,10.2,5.1,1.1,10.4,Europe,16.3725042,48.2083537
Belarus,Minsk,-4.5,-4.4,0.0,7.2,13.3,16.4,18.5,17.5,12.1,6.6,0.6,-3.4,6.7,Europe,27.5618225,53.9024716
Belgium,Brussels,3.3,3.7,6.8,9.8,13.6,16.2,18.4,18.0,14.9,11.1,6.8,3.9,10.5,Europe,4.351697,50.8465573
Bosnia and Herzegovina,Sarajevo,-0.5,1.4,5.7,10.0,14.8,17.7,19.7,19.7,15.3,11.0,5.4,0.9,10.1,Europe,18.3866868,43.8519774
Bulgaria,Sofia,-0.5,1.1,5.4,10.6,15.4,18.9,21.2,21.0,16.5,11.3,5.1,0.7,10.6,Europe,23.3217359,42.6977028
Croatia,Zagreb,0.3,2.3,6.4,10.7,15.8,18.8,20.6,20.1,15.9,10.5,5.0,1.4,10.7,Europe,15.962231476593626,45.84264135
Croatia,Split,8.0,8.4,10.6,13.7,18.9,22.8,25.7,25.4,21.2,16.8,12.0,9.1,16.1,Europe,16.4399659,43.5116383
Cyprus,Nicosia,10.6,10.6,13.1,17.1,22.3,26.9,29.7,29.4,26.2,22.3,16.3,12.0,19.7,Europe,33.3638568,35.1748976
Czech Republic,Prague,-1.4,-0.4,3.6,8.4,13.4,16.1,18.2,17.8,13.5,8.5,3.1,-0.3,8.4,Europe,14.4212535,50.0874654
Denmark,Copenhagen,1.4,1.4,3.5,7.7,12.5,15.6,18.1,17.7,13.9,9.8,5.5,2.5,9.1,Europe,12.5700724,55.6867243
Estonia,Tallinn,-3.3,-4.3,-1.0,4.5,10.1,14.1,17.2,16.0,11.3,6.5,1.3,-1.9,5.9,Europe,24.7453688,59.4372155
Finland,Helsinki,-3.9,-4.7,-1.3,3.9,10.2,14.6,17.8,16.3,11.5,6.6,1.6,-2.0,5.9,Europe,24.9427473,60.1674881
Finland,Kuopio,-9.2,-9.2,-4.1,2.0,9.1,14.5,17.5,15.0,9.7,4.1,-2.0,-6.7,3.4,Europe,27.594561484488977,62.8241424
Finland,Oulu,-9.6,-9.3,-4.8,1.4,7.8,13.5,16.5,14.1,8.9,3.3,-2.8,-7.1,2.7,Europe,25.4716809,65.0118734
France,Marseille,8.4,8.9,11.6,13.8,17.9,21.3,24.5,24.1,20.7,16.9,11.8,9.3,15.8,Europe,5.3699525,43.2961743
France,Paris,4.9,5.6,8.8,11.4,15.1,18.2,20.4,20.2,16.9,12.9,8.1,5.4,12.3,Europe,2.3483915,48.8534951
Germany,Berlin,0.6,2.3,5.1,10.2,14.8,17.9,20.3,19.7,15.3,10.5,6.0,1.3,10.3,Europe,13.3888599,52.5170365
Germany,Frankfurt,1.6,2.4,6.4,10.3,14.7,17.8,20.0,19.5,15.2,10.4,5.6,2.5,10.6,Europe,8.6820917,50.1106444
Greece,Piraeus,11.1,11.2,13.3,16.9,21.4,26.3,29.0,28.8,25.2,20.6,15.8,12.6,19.4,Europe,23.6470593,37.9431594
Hungary,Budapest,0.4,2.3,6.1,12.0,16.6,19.7,21.5,21.2,16.9,11.8,5.4,1.8,11.3,Europe,19.14609412691246,47.48138955
Iceland,Reykjavík,-0.5,0.4,0.5,2.9,6.3,9.0,10.6,10.3,7.4,4.4,1.1,-0.2,4.3,Europe,-21.9422367,64.145981
Ireland,Dublin,5.3,5.3,6.8,8.3,10.9,13.6,15.6,15.3,13.4,10.5,7.4,5.6,9.8,Europe,-6.2602964,53.3498006
Italy,Milan,2.5,4.7,9.0,12.2,17.0,20.8,23.6,23.0,19.2,13.4,7.2,3.3,13.0,Europe,9.1896346,45.4641943
Italy,Palermo,12.5,12.6,13.5,15.7,18.9,22.4,25.6,26.2,24.1,20.3,16.8,13.7,18.5,Europe,13.3524434,38.1112268
Italy,Rome,7.5,8.2,10.2,12.6,17.2,21.1,24.1,24.5,20.8,16.4,11.4,8.4,15.2,Europe,12.4829321,41.8933203
Italy,Napoli,8.7,8.8,11.1,13.2,17.8,21.4,24.3,24.7,21.4,17.1,12.4,9.8,15.9,Europe,14.2487679,40.8358846
Latvia,Riga,-4.7,-4.2,0.5,5.1,11.4,15.5,16.9,16.2,12.0,7.4,2.1,-2.3,6.2,Europe,24.1051846,56.9493977
Liechtenstein,Vaduz,0.8,2.1,6.3,9.9,14.4,17.1,19.0,18.4,14.9,10.9,5.2,1.9,10.1,Europe,9.5225926,47.1393131
Lithuania,Vilnius,-6.1,-4.8,-0.6,5.7,12.5,15.8,16.9,16.3,11.6,6.6,1.2,-2.9,6.0,Europe,25.2829111,54.6870458
Luxembourg,Luxembourg City,0.8,1.6,5.2,8.7,13.0,15.9,18.2,17.7,13.9,9.5,4.7,1.8,9.3,Europe,6.129799,49.6112768
Macedonia,Skopje,0.1,2.6,7.6,12.1,17.3,21.5,23.8,23.8,18.8,13.1,6.5,1.7,12.4,Europe,21.4319213,41.9961816
Malta,Valletta,12.8,12.8,13.3,15.6,18.9,22.8,26.1,26.7,23.9,21.1,17.2,13.9,18.8,Europe,14.5136759,35.8989818
Moldova,Chișinău,-1.9,-0.8,3.7,10.4,16.5,19.9,22.1,21.7,16.3,10.5,4.1,-0.6,10.2,Europe,28.8322923,47.0245117
Monaco,Monaco,10.2,10.2,12.0,13.8,17.5,20.9,23.8,24.2,21.1,17.9,13.8,11.2,16.4,Europe,7.4276832,43.7323492
Montenegro,Podgorica,5.0,6.8,10.0,13.9,19.0,22.8,26.0,25.6,21.4,15.9,10.5,6.5,15.3,Europe,19.2621081,42.4415238
Netherlands,Amsterdam,3.4,3.5,6.1,9.1,12.9,15.4,17.6,17.5,14.7,11.0,7.1,4.0,10.2,Europe,4.8924534,52.3730796
Norway,Bergen,1.5,1.6,3.3,5.9,10.5,13.5,14.5,14.4,11.5,8.7,4.7,2.6,7.7,Europe,5.3259192,60.3943055
Norway,Oslo,-4.3,-4.0,-0.2,4.5,10.8,15.2,16.4,15.2,10.8,6.3,0.7,-3.1,5.7,Europe,10.7389701,59.9133301
Norway,Tromsø,-3.8,-3.7,-2.3,0.7,5.1,9.2,11.8,10.9,6.9,3.2,-0.6,-2.7,2.9,Europe,18.9558585,69.6516345
Poland,Cracow,-1.0,0.4,4.1,9.8,14.6,18.3,20.0,19.2,14.1,9.2,4.4,0.2,9.3,Europe,19.9370985,50.0606452
Poland,Suwałki,-3.3,-2.6,0.9,7.3,12.6,15.9,18.1,17.4,12.5,7.0,2.3,-1.6,7.2,Europe,22.931878217494493,54.102712499999996
Poland,Warsaw,-1.8,-0.6,2.8,8.7,14.2,17.0,19.2,18.3,13.5,8.5,3.3,-0.7,8.5,Europe,21.0067249,52.2319581
Poland,Wrocław,0.0,1.1,4.3,9.7,14.3,17.7,19.7,19.3,14.5,9.6,4.8,1.1,9.6,Europe,17.0326689,51.1089776
Portugal,Lisbon,11.6,12.7,14.9,15.9,18.0,21.2,23.1,23.5,22.1,18.8,15.0,12.4,17.5,Europe,-9.1365919,38.7077507
Romania,Bucharest,-1.3,0.4,5.4,11.2,16.8,20.6,22.5,22.0,16.9,11.0,4.7,0.2,10.8,Europe,26.1027202,44.4361414
Russia,Arkhangelsk,-12.7,-11.4,-5.5,0.4,6.9,13.0,16.3,13.1,8.2,2.3,-5.1,-9.8,1.3,Europe,40.537121,64.543022
Russia,Moscow,-6.5,-6.7,-1.0,6.7,13.2,17.0,19.2,17.0,11.3,5.6,-1.2,-5.2,5.8,Europe,37.6174943,55.7504461
Russia,Murmansk,-10.1,-9.7,-5.5,-0.7,4.0,9.2,12.8,11.1,7.0,1.5,-4.8,-8.2,0.6,Europe,33.07497,68.970665
Russia,Rostov-on-Don,-3.0,-2.8,2.4,10.6,16.6,21.0,23.4,22.6,16.7,10.0,2.9,-1.6,9.9,Europe,39.7096061,47.2216548
Russia,Saint Petersburg,-5.5,-5.8,-1.3,5.1,11.3,15.7,18.8,16.9,11.6,6.2,0.1,-3.7,5.8,Europe,30.316229,59.938732
Russia,Sochi,6.1,6.0,8.2,12.1,16.0,20.2,23.2,23.6,20.0,15.8,11.1,8.1,14.2,Europe,39.723109,43.5854823
San Marino,City of San Marino,2.7,4.2,6.4,10.1,14.6,18.5,21.3,21.4,17.8,12.8,8.0,4.2,11.8,Europe,12.4466991,43.9363996
Serbia,Belgrade,1.4,3.1,7.6,12.9,18.1,21.0,23.0,22.7,18.0,12.9,7.1,2.7,12.5,Europe,20.4568974,44.8178131
Slovakia,Bratislava,-0.4,1.2,5.5,11.0,16.0,19.1,21.3,20.7,15.9,10.4,4.9,0.7,10.5,Europe,17.1093063,48.1516988
Slovenia,Ljubljana,0.3,1.9,6.5,10.8,15.8,19.1,21.3,20.6,16.0,11.2,5.6,1.2,10.9,Europe,14.5069289,46.0500268
Spain,Barcelona,11.8,12.4,14.2,15.8,19.3,23.0,25.7,26.1,23.0,19.5,14.9,12.3,18.2,Europe,2.1774322,41.3828939
Spain,Las Palmas de Gran Canaria,18.1,18.4,19.3,19.5,20.5,22.2,23.8,24.6,24.3,23.1,21.2,19.3,21.2,Europe,-15.4349015,28.1288694
Spain,Madrid,6.3,7.9,11.2,12.9,16.7,22.2,25.6,25.1,20.9,15.1,9.9,6.9,15.0,Europe,-3.7035825,40.4167047
Spain,Seville,11.0,12.5,15.6,17.3,20.7,25.1,28.2,27.9,25.0,20.2,15.1,11.9,19.2,Europe,-5.9953403,37.3886303
Spain,Valencia,11.8,12.5,14.6,16.2,19.0,22.9,25.6,26.1,23.5,19.7,15.3,12.6,18.3,Europe,-0.3763353,39.4697065
Sweden,Stockholm,-2.8,-3.0,0.1,4.6,10.7,15.6,17.2,16.2,11.9,7.5,2.6,-1.0,6.6,Europe,18.0710935,59.3251172
Switzerland,Zürich,0.3,1.3,5.3,8.8,13.3,16.4,18.6,18.0,14.1,9.9,4.4,1.4,9.3,Europe,8.5410422,47.3744489
Turkey,Istanbul,5.7,5.7,7.0,11.1,15.7,20.4,22.9,23.1,19.8,15.6,11.5,8.0,13.9,Europe,28.9662187,41.0091982
Ukraine,Kiev,-3.5,-3.0,1.8,9.3,15.5,18.5,20.5,19.7,14.2,8.4,1.9,-2.3,8.4,Europe,30.5241361,50.4500336
Ukraine,Lviv,-3.1,-2.2,1.9,8.3,13.8,16.4,18.3,17.7,13.0,8.1,2.6,-1.8,7.8,Europe,24.0315921,49.841952
Ukraine,Odessa,-0.5,-0.2,3.5,9.4,15.6,20.0,22.6,22.3,17.2,11.6,5.7,1.1,10.7,Europe,30.7322878,46.4843023
United Kingdom,Edinburgh,4.2,4.5,6.2,8.1,10.8,13.5,15.3,15.2,13.0,9.8,6.7,4.2,9.3,Europe,-3.1883749,55.9533456
United Kingdom,London,4.3,4.5,6.9,8.7,12.1,15.1,17.3,17.0,14.3,10.9,7.2,4.7,10.3,Europe,-0.12765,51.5073359
Antigua and Barbuda,St. John's,25.4,25.2,25.6,26.3,27.2,27.9,28.2,28.3,28.1,27.5,26.8,25.9,26.9,North America,-61.8448509,17.1184569
Aruba,Oranjestad,26.7,26.8,27.2,27.9,28.5,28.7,28.6,29.1,29.2,28.7,28.1,27.2,28.1,North America,-70.0356845,12.5268736
The Bahamas,Nassau,21.1,21.1,22.2,23.4,25.3,26.9,27.9,27.9,27.3,25.9,23.8,21.9,24.6,North America,-77.3383438,25.0782266
Barbados,Bridgetown,25.8,25.7,26.2,26.8,27.6,27.7,27.6,27.8,27.7,27.5,27.0,26.4,27.0,North America,-59.6184184,13.0977832
Belize,Belize City,24.0,24.9,25.9,27.3,28.3,28.5,28.1,28.2,28.0,27.0,25.6,24.5,26.7,North America,-88.2003115,17.5000543
Bermuda,Hamilton,18.3,18.0,18.2,19.6,22.0,25.0,27.2,27.6,26.6,24.4,21.6,19.5,22.3,North America,-64.7827048,32.2956076
Canada,Calgary,-7.1,-5.4,-1.6,4.6,9.7,13.7,16.5,15.8,11.0,5.2,-2.4,-6.8,4.4,North America,-114.065465,51.0460954
Canada,Edmonton,-10.4,-7.6,-2.5,5.4,11.5,15.5,17.7,16.9,11.4,5.1,-4.1,-8.8,4.2,North America,-113.491241,53.5462055
Canada,Gjoa Haven,-33.8,-34.0,-28.9,-20.4,-9.4,1.4,8.0,5.8,0.1,-9.5,-22.4,-29.9,-14.4,North America,-95.8683501,68.6279829
Canada,Halifax,-4.1,-3.6,-0.2,4.9,10.1,15.2,18.8,19.1,15.5,9.9,4.8,-0.8,7.5,North America,-63.5859487,44.648618
Canada,Iqaluit,-26.9,-27.5,-23.2,-14.2,-4.4,3.6,8.2,7.1,2.6,-3.7,-12.0,-21.3,-9.3,North America,-68.521857,63.74944
Canada,Moncton,-8.2,-7.0,-2.3,4.2,10.7,16.0,19.5,19.0,14.5,8.3,2.5,-4.3,6.1,North America,-64.80011,46.097995
Canada,Montreal,-9.7,-7.7,-2.0,6.4,13.4,18.6,21.2,20.1,15.5,8.5,2.1,-5.4,6.8,North America,-73.5698065,45.5031824
Canada,Ottawa,-10.2,-7.9,-2.2,6.5,13.5,18.7,21.2,19.9,15.3,8.4,2.0,-5.6,6.6,North America,-75.6901106,45.4208777
Canada,Saskatoon,-13.9,-11.4,-4.9,5.2,11.8,16.1,19.0,18.2,12.0,4.4,-5.2,-12.4,3.3,North America,-106.660767,52.131802
Canada,St. John's,-4.5,-4.9,-2.6,1.9,6.4,10.9,15.8,16.1,12.4,7.4,3.0,-1.5,5.0,North America,-52.7126162,47.5614705
Canada,Toronto,-3.7,-2.6,1.4,7.9,14.1,19.4,22.3,21.5,17.2,10.7,4.9,-0.5,9.4,North America,-79.383961,43.6534733
Canada,Vancouver,4.1,4.9,6.9,9.4,12.8,15.7,18.0,18.0,14.9,10.3,6.3,3.6,10.4,North America,-123.113952,49.2608724
Canada,Winnipeg,-16.4,-13.2,-5.8,4.4,11.6,17.0,19.7,18.8,12.7,5.0,-4.9,-13.2,3.0,North America,-97.1384584,49.8955367
Canada,Whitehorse,-15.2,-12.7,-6.3,1.0,7.3,12.3,14.3,12.6,7.2,0.5,-9.4,-12.5,-0.1,North America,-135.054932,60.721571
Canada,Yellowknife,-25.6,-22.9,-16.8,-5.3,4.6,13.3,17.0,14.2,7.2,-1.7,-13.7,-21.8,-4.3,North America,-114.377385,62.4540807
Cayman Islands,George Town,25.8,26.1,26.6,27.6,28.5,29.2,29.6,29.7,29.3,28.5,27.5,26.2,27.9,North America,-81.3807776,19.2953549
Costa Rica,San José,22.6,23.0,23.5,23.7,22.9,22.5,22.6,22.4,22.0,21.8,21.9,22.3,22.6,North America,-84.0795782,9.9325427
Cuba,Havana,22.2,22.4,23.7,24.8,26.1,27.0,27.6,27.9,27.4,26.1,24.5,23.0,25.2,North America,-82.3589631,23.135305
Curaçao,Willemstad,26.6,26.7,27.2,27.8,28.4,28.6,28.5,28.9,29.1,28.6,28.0,27.2,28.0,North America,-68.9370850600204,12.110006949999999
Dominica,Roseau,24.9,24.8,25.1,25.8,26.6,27.3,27.4,27.4,27.1,26.1,26.2,25.4,26.2,North America,-61.34185329351388,15.4240429
Dominican Republic,Santo Domingo,24.4,24.4,24.9,25.6,26.3,26.9,27.0,27.1,27.0,26.7,26.0,24.9,25.9,North America,-69.942111,18.4801972
Greenland,Nuuk,-7.4,-7.8,-8.0,-3.8,0.6,3.9,6.5,6.1,3.5,-0.7,-3.7,-6.2,-1.4,North America,-51.7355386,64.175029
Honduras,La Ceiba,23.8,24.0,25.6,26.8,28.2,28.0,27.5,27.6,27.4,26.2,25.2,24.3,26.2,North America,-86.7917749,15.7833743
Honduras,Tegucigalpa,19.5,20.4,22.1,23.4,23.6,22.6,22.1,22.4,22.2,21.5,20.4,19.7,21.7,North America,-87.2040052,14.1057433
Jamaica,Kingston,25.8,25.9,26.4,26.9,27.8,28.5,28.9,28.7,28.4,27.7,27.2,26.7,27.4,North America,-76.7928128,17.9712148
Mexico,Cabo San Lucas,19.2,19.3,20.2,22.2,23.8,25.3,28.1,29.0,28.4,26.7,23.5,20.6,23.9,North America,-109.92006,22.8938884
Mexico,Chihuahua,10.0,12.9,15.7,19.2,23.6,26.3,25.6,24.3,22.6,18.7,13.7,10.3,18.6,North America,-106.0000001,28.5000001
Mexico,Guadalajara,17.1,18.4,20.7,22.8,24.5,23.9,22.0,21.9,21.8,21.0,19.2,17.5,20.9,North America,-103.338396,20.6720375
Mexico,La Paz,17.4,18.1,19.7,22.1,24.5,27.1,29.7,30.2,29.3,26.2,22.0,18.6,23.7,North America,-98.94631359855612,19.36376855
Mexico,Mexicali,13.1,15.3,18.0,21.3,25.8,30.5,33.9,33.5,30.4,24.3,17.5,13.1,23.1,North America,-115.474899,32.6405247
Mexico,Mexico City,14.6,15.9,18.1,19.6,20.0,19.4,18.2,18.3,18.0,17.1,16.3,15.0,17.5,North America,-99.1331785,19.4326296
Mexico,Monterrey,14.4,16.6,20.0,23.4,26.2,27.9,28.6,28.5,26.2,22.4,18.4,15.1,22.3,North America,-100.315258,25.6802019
Mexico,Tijuana,13.6,14.3,14.8,16.1,18.0,19.8,22.2,22.8,22.0,19.5,16.6,14.0,17.8,North America,-117.0195295,32.5317397
Mexico,Toluca,8.9,10.1,11.8,13.5,14.7,14.8,14.0,14.0,13.9,12.4,10.8,9.5,12.4,North America,-99.6569007,19.292545
Mexico,Veracruz,21.5,21.9,24.0,25.8,27.8,28.1,27.5,27.6,27.2,26.2,24.2,22.6,25.4,North America,-96.666667,19.333333
Mexico,Villahermosa,23.6,24.5,26.6,28.5,29.6,29.3,28.9,28.9,28.4,27.1,25.7,24.1,27.1,North America,-92.9330401483751,18.0018152
Nicaragua,Managua,26.3,27.2,28.5,29.3,29.3,27.2,26.8,27.2,26.8,26.5,26.3,26.2,27.3,North America,-86.2737642,12.1544035
Panama,Panama City,28.0,28.0,28.0,28.0,28.0,27.0,27.0,27.0,27.0,27.0,27.0,27.0,28.0,North America,-79.5341802,8.9714493
El Salvador,San Salvador,22.2,22.8,23.8,24.5,24.2,23.3,23.3,23.2,22.8,22.8,22.4,22.0,23.1,North America,-89.1914249,13.6989939
Puerto Rico,San Juan,25.3,25.5,26.1,26.8,27.7,28.5,28.6,28.7,28.6,28.1,27.0,24.8,27.2,North America,-66.116666,18.465299
"Saint Pierre and Miquelon",Saint-Pierre,-2.6,-3.2,-1.4,2.0,5.6,9.6,14.1,16.2,13.5,8.9,4.5,0.4,5.7,North America,-56.1768672,46.7775497
United States,Albuquerque,2.4,5.2,8.9,13.3,18.7,23.8,25.7,24.6,20.7,14.2,7.2,2.4,14.0,North America,-106.650985,35.0841034
United States,Anchorage,-8.3,-6.6,-3.0,2.7,8.8,12.9,14.9,13.7,9.2,1.6,-5.4,-7.2,2.8,North America,-149.894852,61.2163129
United States,Atlanta,6.4,8.6,12.6,16.7,21.3,25.2,26.9,26.4,23.1,17.4,12.3,7.5,17.0,North America,-84.3902644,33.7489924
United States,Austin,10.8,12.8,16.5,20.7,24.8,27.9,29.4,29.9,26.7,21.8,16.1,11.4,20.7,North America,-97.7436995,30.2711286
United States,Baltimore,0.8,2.4,6.8,12.4,17.6,22.8,25.3,24.3,20.2,13.7,8.3,2.9,13.1,North America,-76.610759,39.2908816
United States,Boise,-0.4,2.5,6.9,10.4,15.1,19.7,24.3,23.7,18.3,11.6,4.4,-0.7,11.4,North America,-116.200886,43.6166163
United States,Boston,-1.5,0.0,3.7,9.1,14.6,20.0,23.2,22.4,18.4,12.4,7.2,1.7,10.9,North America,-71.060511,42.3554334
United States,Charlotte,5.1,7.2,11.3,15.8,20.3,24.7,26.4,25.8,22.2,16.3,11.1,6.3,16.1,North America,-80.8430827,35.2272086
United States,Chicago,-4.6,-2.4,3.2,9.4,15.0,20.5,23.3,22.4,18.1,11.4,4.6,-2.4,9.8,North America,-87.6244212,41.8755616
United States,Columbus,-1.6,0.2,5.3,11.5,16.8,21.8,23.8,23.1,19.1,12.6,6.7,0.6,11.7,North America,-83.0007065,39.9622601
United States,Dallas,7.7,9.9,14.2,18.6,23.3,27.4,29.7,29.8,25.6,19.8,13.7,8.4,19.0,North America,-96.7968559,32.7762719
United States,Denver,-0.3,0.8,4.8,8.9,14.2,19.7,23.4,22.3,17.3,10.4,3.8,-0.9,10.4,North America,-104.984862,39.7392364
United States,Detroit,-3.7,-2.3,2.7,9.4,15.2,20.7,23.0,22.1,17.9,11.2,5.2,-1.2,10.0,North America,-83.0466403,42.3315509
United States,El Paso,7.3,10.1,13.7,18.2,23.3,27.7,28.2,27.3,24.1,18.4,11.7,7.2,18.1,North America,-106.4882345,31.7550511
United States,Fairbanks,-21.9,-18.3,-11.2,0.5,9.9,16.0,17.1,13.6,7.3,-4.2,-16.2,-19.8,-2.3,North America,-147.716675,64.837845
United States,Fresno,8.1,10.8,13.7,16.7,21.2,25.1,28.3,27.6,24.6,19.0,12.4,8.1,17.9,North America,-119.70886126075588,36.7295295
United States,Houston,11.5,13.3,16.9,20.7,24.8,27.7,28.9,29.0,26.3,21.7,16.6,12.3,20.8,North America,-95.3676974,29.7589382
United States,Indianapolis,-2.2,0.1,5.7,11.8,17.2,22.3,24.2,23.5,19.5,12.9,6.6,-0.1,11.8,North America,-86.1583502,39.7683331
United States,Jacksonville,11.7,13.6,16.5,19.4,23.4,26.7,27.9,27.6,25.7,21.3,16.8,12.9,20.3,North America,-81.655651,30.3321838
United States,Kansas City,-1.8,0.8,6.8,12.7,18.1,23.1,25.7,25.0,20.1,13.5,6.4,-0.3,12.5,North America,-94.5781416,39.100105
United States,Las Vegas,8.8,11.1,15.0,19.1,24.7,29.9,33.2,32.1,27.6,20.4,13.1,8.2,20.3,North America,-115.148516,36.1672559
United States,Lake Havasu City,12.2,14.6,18.1,22.4,27.9,32.7,36.1,35.5,31.3,24.1,17.0,11.7,23.7,North America,-114.3224495,34.4838502
United States,Los Angeles,14.4,14.9,15.9,17.3,18.8,20.7,22.9,23.5,22.8,20.3,16.9,14.2,18.6,North America,-118.242766,34.0536909
United States,Louisville,1.1,3.3,8.3,13.9,18.9,23.7,25.7,25.2,21.1,14.8,8.7,2.7,13.9,North America,-85.759407,38.2542376
United States,Memphis,5.2,7.5,12.2,17.2,22.1,26.4,28.2,27.8,24.0,17.8,11.8,6.4,17.2,North America,-90.0517638,35.1460249
United States,Miami,19.9,21.1,22.4,24.2,26.5,28.1,28.8,28.9,28.2,26.4,23.7,21.2,24.9,North America,-80.19362,25.7741728
United States,Milwaukee,-5.2,-3.2,1.9,7.8,13.3,19.2,22.3,21.7,17.4,10.9,4.1,-2.9,8.9,North America,-87.922497,43.0349931
United States,Minneapolis,-9.1,-6.2,0.4,8.6,15.1,20.4,23.2,21.7,16.7,9.4,0.9,-6.8,7.8,North America,-93.2654692,44.9772995
United States,Nashville,3.4,5.7,10.3,15.3,20.0,24.6,26.6,26.2,22.2,16.0,10.2,4.9,15.4,North America,-86.7742984,36.1622767
United States,New Orleans,11.6,13.4,16.8,20.3,24.6,27.2,28.2,28.2,26.2,21.6,16.8,12.9,20.7,North America,-90.0782127,29.9759983
United States,New York City,0.6,2.1,6.1,11.9,17.1,22.1,24.9,24.3,20.2,14.1,8.9,3.3,12.9,North America,-74.0060152,40.7127281
United States,Oklahoma City,3.6,6.1,10.7,15.6,20.6,25.1,27.8,27.6,22.8,16.5,9.9,4.3,15.9,North America,-97.5170536,35.4729886
United States,Omaha,-4.6,-2.1,4.2,10.9,16.9,22.3,24.8,23.7,18.8,11.8,3.8,-3.3,10.6,North America,-95.9383758,41.2587459
United States,Palm Springs,16.3,18.1,20.7,23.7,26.8,30.7,33.8,33.6,30.5,24.9,19.2,15.7,24.5,North America,-116.49529769683983,33.772179449999996
United States,Philadelphia,0.5,2.0,6.4,12.2,17.7,22.9,25.6,24.7,20.6,14.2,8.7,3.0,13.2,North America,-75.1635262,39.9527237
United States,Phoenix,13.6,15.4,18.5,22.7,27.8,32.7,34.9,34.2,31.3,24.8,17.9,13.1,23.9,North America,-112.074141,33.4484367
United States,Pittsburgh,-1.9,-0.4,4.3,10.6,15.7,20.5,22.7,22.0,17.9,11.6,6.2,0.3,10.8,North America,-79.9900861,40.4416941
United States,Portland (OR),5.2,6.6,8.9,11.3,14.6,17.6,20.7,20.9,18.1,12.7,8.1,4.7,12.4,North America,-122.674194,45.5202471
United States,Sacramento,8.1,10.6,12.7,15.0,18.8,22.1,24.2,23.8,22.1,17.9,11.9,8.0,16.3,North America,-121.493895,38.5810606
United States,Salt Lake City,-1.3,1.3,6.6,10.4,15.5,21.1,26.1,25.1,19.1,11.8,4.6,-0.8,11.6,North America,-111.886797,40.7596198
United States,San Antonio,11.0,13.1,16.8,20.8,25.0,28.1,29.3,29.7,26.6,21.8,16.2,11.6,20.8,North America,-98.4951405,29.4246002
United States,San Diego,14.2,14.7,15.5,16.8,18.1,19.4,21.4,22.2,21.7,19.6,16.6,13.9,17.8,North America,-117.1627728,32.7174202
United States,San Francisco,11.2,12.6,13.3,13.9,14.7,15.8,16.3,16.9,17.5,16.8,14.1,11.4,14.6,North America,-122.419906,37.7790262
United States,San Jose,10.8,12.5,13.8,15.2,17.8,20.2,21.6,21.8,20.7,17.9,13.9,10.6,16.4,North America,-121.890591,37.3361663
United States,Seattle,5.4,6.2,7.9,10.1,13.2,15.9,18.6,18.8,16.2,11.4,7.4,4.7,11.3,North America,-122.330062,47.6038321
United States,St. Louis,-0.1,2.4,7.9,14.1,19.3,24.4,26.7,25.9,21.3,14.8,8.2,1.6,13.9,North America,-90.1910154,38.6280278
United States,Tampa,15.9,17.3,19.5,22.1,25.7,27.8,28.2,28.3,27.5,24.4,20.6,17.2,22.9,North America,-82.458444,27.9477595
United States,Tucson,11.6,13.1,15.8,19.7,24.6,29.6,30.8,29.8,27.7,21.9,15.6,11.3,20.9,North America,-110.9748477,32.2228765
United States,Virginia Beach,4.9,6.1,9.8,14.8,19.4,24.3,26.7,25.7,22.6,16.9,11.8,6.9,15.8,North America,-75.9774183,36.8529841
United States,Washington,2.3,3.9,8.3,13.8,18.9,24.1,26.6,25.7,21.7,15.3,9.8,4.3,14.6,North America,-77.0365427,38.8950368
United States,Wichita,0.1,2.9,8.1,13.4,18.9,24.3,27.3,26.7,21.7,14.6,7.4,0.9,13.9,North America,-97.3375448,37.6922361
Australia,Adelaide,23.2,23.3,20.9,17.6,13.5,12.1,11.4,12.4,14.4,16.7,19.7,21.3,17.3,Oceania,138.5999312,-34.9281805
Australia,Alice Springs,28.0,27.0,25.0,20.0,15.0,12.0,11.0,14.0,18.0,22.0,25.0,27.0,21.0,Oceania,133.8812885,-23.6983884
Australia,Brisbane,25.8,25.7,24.5,22.3,19.1,16.8,16.0,17.0,19.7,21.7,23.5,24.8,21.4,Oceania,153.0234991,-27.4689682
Australia,Cairns,27.0,27.0,26.0,25.0,23.0,21.0,21.0,22.0,23.0,25.0,26.0,27.0,25.0,Oceania,145.7721854,-16.9206657
Australia,Canberra,20.6,20.1,17.6,13.4,9.4,6.7,5.7,7.0,9.8,12.8,15.8,18.8,13.1,Oceania,149.1012676,-35.2975906
Australia,Dampier,31.0,31.3,30.9,28.6,24.1,20.9,19.8,21.2,23.7,26.2,28.3,30.2,26.4,Oceania,116.7119013,-20.6624798
Australia,Darwin,28.3,28.1,28.3,28.4,27.1,25.3,25.0,25.9,27.8,29.1,29.3,29.0,27.6,Oceania,130.8410469,-12.46044
Australia,Hobart,16.8,16.9,15.6,13.2,10.8,8.6,8.2,9.2,10.8,12.4,14.0,15.6,12.7,Oceania,147.3281233,-42.8825088
Australia,Melbourne,20.1,20.2,18.6,15.6,12.7,10.5,9.8,10.9,12.7,14.7,16.6,18.6,15.1,Oceania,144.9631608,-37.8142176
Australia,Perth,24.5,24.9,23.1,19.7,16.5,14.0,13.0,13.5,14.8,17.3,20.3,22.7,18.7,Oceania,115.8605801,-31.9558964
Australia,Sydney,22.3,22.3,21.2,18.5,15.5,13.1,12.2,13.4,15.5,17.8,19.6,21.3,17.7,Oceania,151.2082848,-33.8698439
Chile,Hanga Roa,23.3,23.7,23.1,21.9,20.1,18.9,18.0,17.9,18.3,19.0,20.4,21.8,20.5,Oceania,-109.427344,-27.1481172
Fiji,Suva,27.4,27.6,26.4,26.6,25.4,24.6,23.8,23.7,24.1,25.1,26.1,26.9,25.6,Oceania,178.4421662,-18.1415884
New Zealand,Auckland,19.1,19.7,18.4,16.1,14.0,11.8,10.9,11.3,12.7,14.2,15.7,17.8,15.2,Oceania,174.7631803,-36.852095
New Zealand,Christchurch,17.5,17.2,15.5,12.7,9.8,7.1,6.6,7.9,10.3,12.2,14.1,16.1,12.2,Oceania,172.6366455,-43.530955
New Zealand,Dunedin,15.3,15.0,13.7,11.7,9.3,7.3,6.6,7.7,9.5,10.9,12.4,13.9,11.1,Oceania,170.5035755,-45.8740984
New Zealand,Hamilton,18.4,18.8,17.1,14.5,11.9,9.5,8.9,9.8,11.6,13.2,14.9,16.9,13.8,Oceania,175.281788,-37.7878809
New Zealand,Lake Tekapo,15.2,14.8,12.4,9.2,5.9,2.6,1.4,3.6,6.5,8.8,11.1,13.2,8.7,Oceania,170.52402115790798,-43.89344815
New Zealand,Napier,19.5,19.4,17.7,15.0,12.4,10.0,9.4,10.3,12.3,14.3,16.1,18.4,14.6,Oceania,176.917839,-39.4902099
New Zealand,Palmerston North,17.8,18.3,16.4,13.6,11.4,9.1,8.6,9.2,11.0,12.4,13.8,16.2,13.2,Oceania,175.6112388,-40.356317
New Zealand,Tauranga,19.4,19.6,18.0,15.5,13.2,10.8,10.2,10.7,12.3,13.9,15.8,18.0,14.8,Oceania,176.167505,-37.6859006
New Zealand,Wellington,16.9,17.2,15.8,13.7,11.7,9.7,8.9,9.4,10.8,12.0,13.5,15.4,12.9,Oceania,174.7772114,-41.2887953
Papua New Guinea,Port Moresby,27.4,27.3,27.1,27.0,26.9,26.1,25.7,26.1,26.5,27.5,27.6,27.8,26.9,Oceania,147.1599504,-9.4743301
Solomon Islands,Honiara,26.7,26.6,26.6,26.5,26.6,26.4,26.1,26.2,26.5,26.5,26.7,26.8,26.5,Oceania,159.9624174786047,-9.437797549999999
United States,Honolulu,22.9,22.9,23.7,24.6,25.6,26.8,27.4,27.8,27.6,26.8,25.4,23.8,25.4,Oceania,-157.855676,21.304547
Vanuatu,Port Vila,26.4,26.5,26.3,25.3,24.1,23.0,22.1,22.0,22.7,23.4,24.6,25.7,24.3,Oceania,168.3150163,-17.7414972
Argentina,Bahía Blanca,23.6,22.1,19.4,14.9,11.1,8.1,7.5,9.4,11.6,15.1,18.7,22.0,15.3,South America,-62.2654871,-38.7176522
Argentina,Bariloche,15.0,14.8,11.9,7.9,4.9,2.9,2.1,3.0,5.1,8.0,10.8,13.5,8.3,South America,-71.3098425,-41.1334421
Argentina,Buenos Aires,24.9,23.6,21.9,17.9,14.5,11.7,11.0,12.8,14.6,17.9,20.7,23.3,17.9,South America,-58.4370894,-34.6075682
Argentina,Comodoro Rivadavia,19.7,18.8,16.3,13.1,9.6,6.9,6.6,7.9,10.1,13.0,15.9,18.2,13.0,South America,-67.4752615,-45.8632024
Argentina,Córdoba,24.9,23.1,21.7,18.0,14.5,11.4,10.8,13.3,15.7,19.5,21.8,23.7,18.2,South America,-64.1834193,-31.4166867
Argentina,Mar del Plata,20.4,19.8,18.2,14.5,11.2,8.4,7.5,8.8,10.4,13.3,15.9,18.5,13.9,South America,-57.5482703,-37.9977225
Argentina,Mendoza,25.5,24.0,21.3,16.2,11.8,8.4,7.9,10.6,13.9,18.8,22.2,24.9,17.1,South America,-68.43818677312292,-34.787093049999996
Argentina,Neuquén,23.7,22.3,18.9,13.4,9.2,6.6,5.8,8.1,11.4,15.6,19.4,22.4,14.7,South America,-69.832275,-38.3695057
Argentina,Resistencia,26.8,25.9,24.6,21.2,17.6,15.4,14.8,16.7,18.5,21.8,23.6,25.8,21.1,South America,-58.9865196,-27.4511235
Argentina,Río Gallegos,13.8,13.2,10.8,7.6,4.2,1.4,1.2,3.1,5.7,8.4,11.1,12.8,7.8,South America,-69.26322885452636,-51.64607595
Argentina,Rosario,24.6,23.2,21.4,17.3,13.8,10.7,10.0,12.1,14.5,18.1,21.0,23.4,17.5,South America,-60.6615415,-32.9595004
Argentina,Salta,21.4,20.3,19.5,16.6,13.1,10.6,10.1,12.7,15.1,19.1,20.5,21.5,16.7,South America,-64.3494964,-25.1076701
Argentina,San Juan,27.1,25.5,22.8,17.2,12.2,8.3,7.7,10.6,14.4,19.8,23.4,26.3,17.9,South America,-69.1988222,-30.7054363
Argentina,San Miguel de Tucumán,25.2,24.0,22.6,19.2,15.7,12.7,12.2,14.9,17.8,21.8,23.4,24.9,19.5,South America,-65.2038133,-26.8303703
Argentina,Santiago del Estero,26.7,25.5,23.8,19.8,16.1,12.7,12.2,15.3,18.5,22.7,24.8,26.5,20.4,South America,-63.5408542,-27.6431016
Argentina,Ushuaia,9.6,9.3,7.7,5.7,3.2,1.7,1.3,2.2,4.1,6.2,7.8,9.1,5.7,South America,-68.3184972880496,-54.806115899999995
Argentina,Viedma,22.1,20.8,18.3,13.8,9.9,7.2,6.6,8.2,10.5,14.3,17.7,20.6,14.2,South America,-62.994722,-40.8084274
Bolivia,La Paz,9.3,9.0,8.9,8.8,8.2,7.3,6.8,8.2,8.7,10.0,10.5,9.7,8.8,South America,-68.1336229,-16.4955455
Bolivia,Santa Cruz de la Sierra,26.8,26.6,26.2,24.7,22.8,20.4,21.1,23.0,25.2,26.4,27.1,27.0,24.8,South America,-63.1820853,-17.7834936
Bolivia,Sucre,16.2,15.7,15.8,15.5,14.9,13.8,13.9,14.9,16.2,16.9,17.3,16.7,15.6,South America,-65.2594306,-19.0477251
Brazil,Belém,25.6,25.4,25.5,25.6,25.8,26.0,25.7,26.0,26.0,26.4,26.5,26.2,25.9,South America,-48.4682453,-1.45056
Brazil,Belo Horizonte,22.8,23.0,22.9,21.7,19.6,18.5,18.0,19.7,21.1,21.7,22.2,22.2,21.1,South America,-43.9451356,-19.9225776
Brazil,Brasília,21.2,21.3,21.5,20.9,19.6,18.5,18.3,20.3,21.7,21.6,21.1,21.0,20.6,South America,-53.2,-10.3333333
Brazil,Campos do Jordão,17.3,17.5,16.7,14.7,11.9,10.1,9.5,11.3,13.4,14.9,15.9,16.6,14.2,South America,-45.5912829,-22.7395263
Brazil,Curitiba,20.4,20.6,19.6,17.2,14.5,13.1,12.9,14.1,15.0,16.5,18.2,19.3,16.8,South America,-49.2712724,-25.4295963
Brazil,Florianópolis,24.9,25.1,24.5,22.2,19.2,17.2,16.4,17.0,18.3,20.3,22.2,24.0,20.9,South America,-48.5496098,-27.5973002
Brazil,Fortaleza,27.1,26.9,26.4,26.2,26.2,25.8,25.6,26.0,26.4,26.9,27.2,27.3,26.6,South America,-38.5217989,-3.7304512
Brazil,Goiânia,23.8,23.8,24.0,23.6,22.2,20.9,20.9,23.0,24.5,24.6,24.1,23.5,23.2,South America,-49.2532691,-16.680882
Brazil,Manaus,26.1,25.9,26.0,26.2,26.2,26.4,26.5,27.3,27.7,27.7,27.2,26.6,26.7,South America,-59.9825041,-3.1316333
Brazil,Porto Alegre,24.6,24.6,23.1,19.9,16.9,14.3,14.4,15.2,16.8,19.1,21.2,23.3,19.5,South America,-51.2303767,-30.0324999
Brazil,Recife,26.5,26.5,26.4,25.9,25.2,24.5,23.9,23.9,24.6,25.5,26.1,26.4,25.5,South America,-34.8848193,-8.0584933
Brazil,Rio de Janeiro,26.3,26.6,26.0,24.4,22.8,21.8,21.3,21.8,22.2,22.9,24.0,25.3,23.8,South America,-43.2093727,-22.9110137
Brazil,Salvador,26.4,26.5,26.6,26.2,25.2,24.3,23.7,23.6,24.3,25.1,25.5,25.9,25.3,South America,-38.4812772,-12.9822499
Brazil,São Joaquim,16.8,17.1,15.9,13.2,11.4,9.7,9.8,10.7,12.0,12.8,14.4,16.0,13.3,South America,-49.9353255,-28.2924972
Brazil,São Paulo,22.1,22.4,21.8,19.7,17.4,16.3,15.8,17.1,17.9,19.0,20.2,21.1,19.2,South America,-46.6333824,-23.5506507
Brazil,Vitória,26.9,27.4,27.1,25.9,24.0,22.8,22.4,22.6,23.2,24.3,24.9,26.0,24.8,South America,-40.3376682,-20.3200917
Chile,Antofagasta,20.2,20.0,19.1,17.1,15.5,14.2,13.7,14.0,14.7,15.8,17.3,18.9,16.7,South America,-70.3980033,-23.6463741
Chile,Concepción,16.5,15.9,14.5,12.3,10.7,9.5,8.8,9.3,10.2,11.9,13.8,15.6,12.4,South America,-73.0502399,-36.8270795
Chile,La Serena,17.1,16.9,15.6,13.7,12.3,10.9,10.7,10.9,11.6,12.9,14.6,16.1,13.6,South America,-71.2520253,-29.902631
Chile,Punta Arenas,10.8,10.3,8.5,6.2,3.7,1.5,1.4,2.3,4.2,6.4,8.4,9.9,6.1,South America,-70.907822,-53.1625688
Chile,Santiago,21.2,20.3,18.2,14.4,10.9,9.0,8.2,9.8,12.0,15.0,17.7,20.1,14.7,South America,-70.6504502,-33.4377756
Colombia,Bogotá,14.3,14.5,14.9,14.9,15.0,14.5,14.6,14.1,14.3,14.3,14.4,14.6,14.4,South America,-74.0836453,4.6534649
Colombia,Barranquilla,26.5,26.7,27.0,27.5,28.1,28.1,27.9,27.9,27.6,27.2,27.4,26.9,27.4,South America,-74.7927177,10.9938698
Colombia,Medellín,22.4,22.7,22.7,22.4,22.6,22.9,23.1,23.1,22.4,21.8,21.8,21.9,22.5,South America,-75.573553,6.2443382
Ecuador,Guayaquil,27.1,27.3,28.0,27.8,26.9,25.7,25.0,25.2,25.5,25.6,26.2,27.1,26.5,South America,-79.8868741,-2.1900563
Ecuador,Quito,14.2,14.0,14.3,14.3,14.5,14.5,14.6,15.0,14.8,14.3,14.3,14.4,14.4,South America,-78.5123274,-0.2201641
Falkland Islands,Stanley,9.5,8.9,8.1,6.1,3.9,2.2,1.9,2.2,3.9,5.3,7.0,8.1,5.6,South America,-57.8491693,-51.6950575
French Guiana,Cayenne,26.2,26.3,26.5,26.8,26.7,26.6,26.6,27.0,27.2,27.3,27.0,26.6,26.7,South America,-52.3258307,4.9371143
Guyana,Georgetown,26.1,26.4,26.7,27.0,26.8,26.5,26.6,27.0,27.5,27.6,27.2,26.4,26.8,South America,-58.1624465,6.8137426
Paraguay,Asunción,27.5,26.9,25.9,22.8,19.8,17.6,17.9,18.6,20.5,23.2,24.9,26.5,22.7,South America,-57.6343814,-25.2800459
Peru,Cusco,12.9,12.7,12.8,12.7,12.0,11.4,10.8,11.5,12.7,13.6,13.6,13.2,12.5,South America,-71.9785356,-13.5170887
Peru,Lima,22.1,22.7,22.2,20.6,18.8,17.5,16.7,16.2,16.4,17.3,18.7,20.7,19.2,South America,-77.0365256,-12.0621065
Peru,Piura,26.8,27.8,27.8,26.6,24.5,22.9,21.8,21.9,22.3,22.9,23.6,25.2,24.5,South America,-80.333333,-5.0
Suriname,Paramaribo,26.0,26.0,26.2,26.7,26.5,26.5,26.7,27.4,27.8,27.9,27.3,26.4,26.8,South America,-55.1703941,5.8247628
Uruguay,Montevideo,23.0,22.5,20.6,17.2,14.0,11.1,10.9,11.7,13.4,16.0,18.6,21.3,16.7,South America,-56.1913095,-34.9058916
Venezuela,Caracas,20.2,20.8,21.7,22.7,23.2,22.6,22.2,22.3,22.7,22.4,22.0,20.7,22.0,South America,-66.9146008,10.5060934
